{
  "test/integration/pages/RisksObjectPage.js.map": 1715266186123,
  "manifest.json": 1715266174960,
  "test/integration/pages/RisksList.js": 1715259890887,
  "test/integration/opaTests.qunit.js": 1715259890879,
  "test/integration/FirstJourney.js": 1715259890895,
  "test/testsuite.qunit.js": 1715259890875,
  "xs-app.json": 1715266174916,
  "test/integration/pages/RisksObjectPage.js": 1715259890891,
  "Component.js": 1715259890867,
  "test/integration/FirstJourney-dbg.js": 1715259890895,
  "test/integration/FirstJourney.js.map": 1715266186136,
  "test/integration/opaTests.qunit-dbg.js": 1715259890879,
  "test/integration/opaTests.qunit.js.map": 1715266186118,
  "test/integration/pages/RisksList-dbg.js": 1715259890887,
  "test/integration/pages/RisksList.js.map": 1715266186132,
  "test/testsuite.qunit-dbg.js": 1715259890875,
  "test/testsuite.qunit.js.map": 1715266186118,
  "test/integration/pages/RisksObjectPage-dbg.js": 1715259890891,
  "i18n/i18n.properties": 1715259917083,
  "Component-dbg.js": 1715259890867,
  "Component.js.map": 1715266186125,
  "Component-preload.js": 1715266186211,
  "Component-preload.js.map": 1715266186211,
  "test/integration/opaTests.qunit.html": 1715259890879,
  "test/testsuite.qunit.html": 1715259890875,
  "test/flpSandbox.html": 1715259890875,
  "index.html": 1715259890867
}